{
  "kind": "collectionType",
  "collectionName": "home_banner_sliders",
  "info": {
    "name": "HomeBannerSlider"
  },
  "options": {
    "increments": true,
    "timestamps": true,
    "draftAndPublish": true
  },
  "attributes": {
    "image": {
      "model": "file",
      "via": "related",
      "allowedTypes": [
        "images",
        "files",
        "videos"
      ],
      "plugin": "upload",
      "required": false
    },
    "title": {
      "type": "string"
    },
    "shortdescription": {
      "type": "string"
    }
  }
}
