{
  "kind": "collectionType",
  "collectionName": "visacategories",
  "info": {
    "name": "Visacategory",
    "description": ""
  },
  "options": {
    "increments": true,
    "timestamps": true,
    "draftAndPublish": true
  },
  "attributes": {
    "image": {
      "model": "file",
      "via": "related",
      "allowedTypes": [
        "images",
        "files",
        "videos"
      ],
      "plugin": "upload",
      "required": false
    },
    "title": {
      "type": "string"
    },
    "description": {
      "type": "text"
    },
    "detailedInformation": {
      "type": "richtext"
    },
    "bannerimage": {
      "model": "file",
      "via": "related",
      "allowedTypes": [
        "images",
        "files",
        "videos"
      ],
      "plugin": "upload",
      "required": false
    }
  }
}
