{
  "kind": "collectionType",
  "collectionName": "university_lists",
  "info": {
    "name": "UniversityList"
  },
  "options": {
    "increments": true,
    "timestamps": true,
    "draftAndPublish": true
  },
  "attributes": {
    "universityname": {
      "type": "string"
    },
    "universityimage": {
      "collection": "file",
      "via": "related",
      "allowedTypes": [
        "images",
        "files",
        "videos"
      ],
      "plugin": "upload",
      "required": false
    },
    "contrycode": {
      "type": "string"
    }
  }
}
